{"GPM": {"counts": [3, 0, 0, 0, 0, 0, 0, 0, 0, 0, 0, 0, 0, 0, 0, 0, 0, 0, 0, 0, 0, 0, 0, 0, 0, 0, 0, 0, 0, 0, 0, 0, 0, 0, 0, 0, 0, 0, 0, 3, 1, 3, 0, 7, 4, 10, 8, 8, 23, 32, 63, 82, 131, 162, 238, 317, 393, 458, 605, 608, 737, 850, 1033, 1198, 1419, 1629, 1821, 2040, 2172, 2277, 2258, 2201, 2029, 1855, 1616, 1308, 1065, 852, 706, 522, 357, 269, 200, 130, 106, 79, 60, 21, 25, 19, 11, 9, 6, 3, 3, 6, 3, 1, 1, 1], "bins": [0.0, 5.435172, 10.870344, 16.305515999999997, 21.740688, 27.17586, 32.611031999999994, 38.046203999999996, 43.481376, 48.916548, 54.35172, 59.786891999999995, 65.22206399999999, 70.657236, 76.09240799999999, 81.52758, 86.962752, 92.39792399999999, 97.833096, 103.26826799999999, 108.70344, 114.138612, 119.57378399999999, 125.008956, 130.44412799999998, 135.8793, 141.314472, 146.749644, 152.18481599999998, 157.61998799999998, 163.05516, 168.490332, 173.925504, 179.36067599999998, 184.79584799999998, 190.23102, 195.666192, 201.101364, 206.53653599999998, 211.97170799999998, 217.40688, 222.842052, 228.277224, 233.71239599999998, 239.14756799999998, 244.58273999999997, 250.017912, 255.453084, 260.88825599999996, 266.323428, 271.7586, 277.19377199999997, 282.628944, 288.06411599999996, 293.499288, 298.93446, 304.36963199999997, 309.804804, 315.23997599999996, 320.675148, 326.11032, 331.54549199999997, 336.980664, 342.41583599999996, 347.851008, 353.28618, 358.72135199999997, 364.156524, 369.59169599999996, 375.026868, 380.46204, 385.89721199999997, 391.332384, 396.76755599999996, 402.202728, 407.6379, 413.07307199999997, 418.508244, 423.94341599999996, 429.378588, 434.81376, 440.24893199999997, 445.684104, 451.11927599999996, 456.554448, 461.98961999999995, 467.42479199999997, 472.859964, 478.29513599999996, 483.730308, 489.16547999999995, 494.60065199999997, 500.035824, 505.47099599999996, 510.906168, 516.34134, 521.7765119999999, 527.211684, 532.646856, 538.0820279999999, 543.5172]}}